city_name,latitude,longitude,total_pop
Amsterdam,52.3667,4.9,872680
Rotterdam,51.9167,4.5,651157
The Hague,52.08,4.31,545838
Utrecht,52.0833,5.11667,358454
Groningen,53.2167,6.56667,233218
Alkmaar,52.6333,4.75,109444
Hilversum,52.2333,5.16667,90261
Zaandam,52.4333,4.83333,76804
Hoorn,52.65,5.06667,73261
Spijkenisse,51.85,4.33333,72500
Westerkwartier,53.225,6.35278,63031
Midden-Groningen,53.1847,6.81111,60953
Barneveld,52.1333,5.58333,57134
Almere Buiten,52.395,5.276,56040
Den Helder,52.9333,4.75,55559
Loosduinen,52.05,4.23333,48101
Het Hogeland,53.4136,6.67722,47861
Lingewaard,51.8833,5.9,46625
Drachten,53.1,6.1,45186
Noardeast-Fryslân,53.3333,6.05,45181
Hillegersberg,51.9514,4.48889,43991
Molenlanden,51.8667,4.78333,43858
Maarssen,52.1351,5.0413,39363
Sneek,53.0325,5.66,33855
Bussum,52.2833,5.16667,33595
Leidschendam,52.0833,4.4,32480
Veghel,51.6167,5.55,32015
IJmuiden,52.4586,4.61944,30160
Nijverdal,52.3667,6.46667,30000
Skarsterlân,52.9667,5.78333,27467
Emmeloord,52.7097,5.75083,26055
De Meern,52.0781,5.02806,21764
Leerdam,51.9,5.1,21000
Vianen,52.0,5.1,20423
Bonaire,12.15,-68.2667,20104
Bonaire,12.15,-68.25,20104
Bonaire,12.1833,-68.2667,20104
Bonaire,12.1833,-68.25,20104
Public Body of Bonaire,12.15,-68.2667,20104
Public Body of Bonaire,12.15,-68.25,20104
Public Body of Bonaire,12.1833,-68.2667,20104
Public Body of Bonaire,12.1833,-68.25,20104
Wisch,51.9333,6.31667,19534
Boarnsterhim,53.1,5.83333,19482
Bodegraven,52.0858,4.74444,19348
Bergschenhoek,51.98,4.5,18750
Rijnwoude,52.1333,4.58333,18523
Winschoten,53.15,7.03333,18518
Glanerbrug,52.215,6.97417,16740
Kaatsheuvel,51.6667,5.06667,16600
Wymbritseradeel,53.0167,5.61667,16136
Velserbroek,52.435,4.65722,16000
Harenkarspel,52.73,4.75,15922
Boskoop,52.0667,4.65,15050
Breukelen,52.1717,5.00167,14635
Alkemade,52.2,4.58,14535
Anna Paulowna,52.87,4.87,13999
Julianadorp,52.8833,4.73333,13925
Lemsterland,52.85,5.71667,13544
Margraten,50.8167,5.81667,13522
Joure,52.9667,5.78333,13090
Laudermarke,52.8906,7.11528,13000
Wolvega,52.8761,6.00139,12825
Franeker,53.2,5.53333,12781
Wieringermeer,52.85,5.03,12676
Dokkum,53.3269,5.99806,12669
Reeuwijk,52.05,4.73,12645
Hoogkerk,53.2167,6.5,12260
Niedorp,52.73,4.9,11987
Wonseradeel,53.1,5.46667,11886
Zijpe,52.8,4.77,11565
Zierikzee,51.6497,3.91639,11460
Maasdonk,51.7333,5.46667,11284
Bleiswijk,52.01,4.54,10895
Nijefurd,52.9833,5.43333,10887
Jacobswoude,52.2,4.65,10685
Kralendijk,12.1444,-68.2656,10620
Zevenhuizen-Moerkapelle,52.03,4.58,10377
Lemmer,52.8437,5.7093,10225
Gaasterlân-Sleat,52.9,5.58333,10186
Bolsward,53.0667,5.53333,10185
Oostflakkee,51.68,4.28,10163
Santpoort,52.4225,4.62611,10142
Groenlo,52.0411,6.61722,10062
Burgum,53.2,6.0,10058
Denekamp,52.3794,7.00889,10000
Monnickendam,52.4667,5.03333,9915
Monnickendam,52.4667,5.03333,9915
Liesveld,51.9167,4.825,9802
Oosterwolde,52.9903,6.29139,9779
Graafstroom,51.88,4.8,9757
Beilen,52.8567,6.51111,9656
Hoevelaken,52.1667,5.46667,9040
Arcen en Velden,51.45,6.18333,8788
Wieringen,52.9,4.97,8705
Ter Apel,52.8756,7.05972,8671
,52.27,4.97,8657
Abcoude,52.27,4.97,8657
Wervershoof,52.73,5.17,8545
Apollobuurt,52.3474,4.87619,8529
Harmelen,52.0894,4.96083,8374
Dirksland,51.75,4.1,8322
Ouderkerk aan de Amstel,52.3,4.91667,8228
,52.2167,5.01667,8222
Loenen,52.2167,5.01667,8222
Herwen en Aerdt,51.8833,6.1,8124
Axel,51.2656,3.90889,7923
Echt,51.1,5.88333,7757
Oostvoorne,51.9119,4.10083,7680
Meerlo-Wanssum,51.5258,6.08167,7663
Leersum,52.0167,5.43333,7575
Stiens,53.2608,5.7575,7545
Honselersdijk,52.0,4.23333,7366
Gorredijk,53.0,6.06667,7360
"Bolnes, municipality of Ridderkerk",51.8947,4.5788,7300
Reiderland,53.1667,7.08333,7004
Eelde,53.1333,6.56667,7000
,50.7778,5.70833,7000
Eijsden,50.7778,5.70833,7000
Vleuten,52.1081,5.015,6915
Middelharnis,51.75,4.17,6780
Kortenhoef,52.2397,5.11472,6780
Kerkdriel,51.7667,5.33333,6765
Erp,51.6,5.60722,6743
Lith,51.8,5.43333,6724
Andijk,52.75,5.22,6583
Beneden-Leeuwen,51.8833,5.51667,6560
Rockanje,51.8706,4.06889,6560
Lent,51.8667,5.86667,6525
Surhuisterveen,53.1833,6.16667,5929
Millingen aan de Rijn,51.8667,6.05,5918
Hazerswoude-Dorp,52.0961,4.58778,5767
Buitenpost,53.25,6.15,5762
Grou,53.1,5.83,5655
Damwâld,53.2833,6.0,5630
Opheusden,51.9331,5.62972,5630
Warmenhuizen,52.7225,4.73972,5600
Wieringerwerf,52.8506,5.02278,5577
Bocholtz,50.0,6.0,5573
Kollum,53.2792,6.15083,5529
Heinkenszand,51.4731,3.81444,5500
Uithuizen,53.4067,6.67778,5490
Sleeuwijk,51.8167,4.95,5400
Arnemuiden,51.5,3.66667,5370
Hazerswoude-Rijndijk,52.1292,4.59306,5350
Maartensdijk,52.15,5.18333,5280
Velsen-Noord,52.4722,4.64417,5260
Zuidland,51.8219,4.25806,5192
Gieten,53.0053,6.76306,5171
Bennebroek,52.32,4.6,5162
Nederhorst den Berg,52.2667,5.05,5150
Linschoten,52.0628,4.91444,5000
Stolwijk,51.9667,4.76667,5000
De Westereen,53.2553,6.03556,5000
Giessenburg,51.85,4.88972,4889
Hurdegaryp,53.215,5.94028,4788
Ureterp,53.095,6.171,4785
Appelscha,52.9658,6.42083,4740
Westerbork,52.8517,6.60944,4710
's-Gravenpolder,51.4597,3.90333,4556
Hummelo en Keppel,52.0,6.23333,4528
Haastrecht,52.0,4.76667,4500
Heel,51.1667,5.88333,4474
Ootmarsum,52.4072,6.89944,4460
Workum,52.9833,5.45,4435
Harkema,53.1833,6.13333,4295
Vries,53.0733,6.57694,4292
Koudekerk aan den Rijn,52.1347,4.60194,4257
Elst,51.9856,5.49861,4220
Hippolytushoef,52.9,4.96667,4217
Zoeterwoude-Dorp,52.1192,4.49667,4205
Vijfhuizen,52.35,4.68333,4194
Rijsenhout,52.2667,4.7,4103
Balk,52.8958,5.58194,4090
Doornspijk,52.4192,5.81611,4090
Bruinisse,51.6603,4.09333,4073
Ospel,51.2978,5.78556,4054
Dwingeloo,52.8344,6.37056,4030
De Rijp,52.5569,4.84528,4020
Achterberg,51.9717,5.58556,4000
Avenhorn,52.6167,4.95,4000
Spanbroek,52.6981,4.96083,4000
Ambt Doetinchem,51.9658,6.30194,3996
Nieuwveen,52.1944,4.75694,3970
Sint Annaparochie,53.2833,5.66667,3945
Zuidbroek,53.1625,6.86056,3910
Groot-Ammers,51.9167,4.81667,3886
Kamerik,52.1108,4.89278,3808
Putte,51.3667,4.38333,3751
Hank,51.7333,4.9,3700
Gulpen,50.8167,5.9,3660
Gulpe,50.8167,5.9,3660
Benschop,52.0072,4.97944,3650
Middenbeemster,52.5483,4.91972,3628
Annen,53.0586,6.71833,3610
Beesd,51.8875,5.19111,3609
Ochten,51.9078,5.56778,3587
Lisserbroek,52.25,4.56667,3579
Kwintsheul,52.0167,4.25,3560
Heinenoord,51.8333,4.48333,3559
Ammerzoden,51.75,5.21667,3548
Albergen,52.3717,6.76194,3542
Sint-Maartensdijk,51.5478,4.075,3512
Beetsterzwaag,53.0611,6.0775,3485
Dalen,52.7,6.75,3470
Nieuwendijk,51.7706,4.92222,3465
Makkum,53.055,5.40361,3460
Arkel,51.8639,4.99444,3445
Sint-Annaland,51.5997,4.10278,3445
Kockengen,52.1517,4.95222,3440
Ewijk,51.8833,5.7,3437
Feanwâlden,53.2372,5.98528,3430
Koudekerke,51.4975,3.55278,3419
Benthuizen,52.0833,4.55,3409
Akkrum,53.05,5.83611,3395
Bovensmilde,52.9758,6.48111,3378
Sint Nicolaasga,52.9167,5.75,3330
Uithuizermeeden,53.4144,6.72639,3325
"Driehuis, Netherlands",52.4472,4.63667,3320
Maurik,51.96,5.42361,3300
Dreumel,51.85,5.43333,3288
Dronryp,53.2,5.65,3281
Santpoort-Zuid,52.4167,4.63333,3280
The Swaen (Form. Mouterij Kloosterzande and Brouwerij de Zwaan),51.3711,4.015,3279
Jubbega,53.005,6.125,3275
Oosthuizen,52.5708,4.99583,3224
Haulerwijk,53.0653,6.33139,3214
Nieuw-Beijerland,51.8119,4.3425,3200
Gronsveld,50.8,5.71667,3200
Groéselt,50.8,5.71667,3200
Sint Jansteen,51.2633,4.05111,3178
Hoogwoud,52.7153,4.93667,3170
Havelte,52.7667,6.23333,3170
Middenmeer,52.8086,4.99833,3163
Nieuwe Niedorp,52.7414,4.90056,3160
IJlst,53.0167,5.61667,3140
Hoek,51.3094,3.77917,3139
Sint Eustatius,17.4833,-62.9833,3138
Tuitjenhorn,52.7333,4.75,3100
Muiderberg,52.3333,5.11667,3070
Loenen,52.1164,6.01889,3066
Weerselo,52.3508,6.85667,3064
Asperen,51.8814,5.10667,3020
Cothen,51.9961,5.30972,3000
Brakel,51.8167,5.08333,2994
Kollumerzwaag,53.2611,6.07917,2992
Winkel,52.7519,4.90361,2970
Goutum,53.1786,5.80639,2945
Uddel,52.2575,5.7825,2927
Haaften,51.8169,5.21167,2881
Zaamslag,51.3125,3.91306,2845
Grijpskerk,53.2642,6.30611,2809
De Goorn,52.6303,4.94444,2800
Zoeterwoude-Rijndijk,52.1422,4.52556,2800
Bleskensgraaf,51.8667,4.78333,2788
Giethoorn,52.7389,6.07806,2785
Oud-Vossemeer,51.5706,4.19972,2767
Zevenhoven,52.1825,4.77889,2750
Hallum,53.3167,5.78333,2746
Koudum,52.9167,5.45,2700
Hierden,52.35,5.66667,2690
Nieuwerkerk,51.6486,4.00111,2688
Sint Philipsland,51.6169,4.16444,2686
Nieuwerkerk,51.6486,4.00111,2680
Ursem,52.6333,4.9,2670
Bellingwolde,53.1167,7.16528,2655
Rossum,51.8008,5.33556,2630
Menaldum,53.2158,5.66056,2609
West-Terschelling,53.3608,5.21556,2602
Nijnsel,51.5514,5.48361,2600
Westkapelle,51.5294,3.45722,2594
Berltsum,53.2431,5.65139,2529
Achterveld,52.1361,5.49694,2520
Kootstertille,53.2167,6.1,2503
Herwijnen,51.8253,5.13028,2500
Haamstede,51.6967,3.74361,2460
Clinge,51.2706,4.08806,2459
Oostkapelle,51.5667,3.55083,2456
Scheemda,53.1667,6.96667,2445
Weurt,51.85,5.81667,2439
Aardenburg,51.2744,3.44528,2438
Oosterland,51.6494,4.03556,2415
Zuid-Beijerland,51.7514,4.36778,2407
Wijk aan Zee,52.5,4.6,2400
Waarland,52.7333,4.83333,2370
Beerta,53.1739,7.095,2365
Rossum,52.3522,6.92306,2363
Broek in Waterland,52.4361,4.99417,2350
Zegveld,52.1161,4.83472,2348
Sluiskil,51.2781,3.83833,2342
Waardenburg,51.8322,5.25583,2330
Halfweg,52.3833,4.75,2330
Nibbixwoud,52.6928,5.05528,2330
Gameren,51.8011,5.20028,2328
't Zand,52.8372,4.75472,2320
Boekelo,52.2044,6.80194,2306
Gytsjerk,53.2408,5.89306,2300
Noardburgum,53.2233,6.0,2250
Blijham,53.1097,7.07639,2240
Wommels,53.1086,5.58778,2216
Oud-Alblas,51.8667,4.7,2180
Warffum,53.3833,6.55,2175
Heeg,52.9692,5.6075,2175
Hoogeloon,51.3989,5.26861,2170
Bosschenhoofd,51.5606,4.54139,2160
Farmsum,53.3167,6.93333,2155
Vogelwaarde,51.3256,3.97028,2138
Boven-Leeuwen,51.8833,5.55,2130
Diever,52.8556,6.3175,2090
Haalderen,51.8867,5.93,2061
Goedereede,51.82,3.98,2050
Dussen,51.7333,4.96667,2050
Kamperland,51.5706,3.7025,2049
Riel,51.5239,5.02167,2040
Westdorpe,51.2311,3.82778,2038
Winssen,51.8833,5.7,2037
Wijnjewoude,53.0561,6.20611,2025
Abbekerk,52.7333,5.01667,2000
West-Vlieland,53.2033,4.88306,2000
Garderen,52.21,5.7,1994
Aalst,51.7833,5.11667,1986
Schagerbrug,52.8,4.76667,1980
Oudehaske,52.9558,5.87222,1980
Schalkwijk,51.9939,5.18722,1973
Heukelum,51.8731,5.07667,1967
Vledder,52.8556,6.21028,1960
Callantsoog,52.8333,4.7,1956
Goudswaard,51.8,4.28333,1956
Gasselternijveen,52.9867,6.84722,1952
Deurningen,52.3067,6.83944,1948
Leusden-Zuid,52.1192,5.40639,1948
's-Heerenhoek,51.4533,3.76944,1939
Saba,17.6325,-63.2375,1933
Sellingen,52.9464,7.15139,1920
Petten,52.7667,4.66667,1900
Gasselte,52.9719,6.79222,1900
Garyp,53.1664,5.97,1894
Groenekan,52.1242,5.14889,1879
Rincon,12.247,-68.318,1875
Opperdoes,52.7667,5.05,1860
Aalden,52.7667,6.71667,1850
Kortgene,51.5583,3.8,1847
Donkerbroek,53.0169,6.23583,1833
Wamel,51.8833,5.46667,1825
Noordeloos,51.9042,4.94167,1816
Marken,52.4583,5.10667,1810
Wanneperveen,52.7,6.13333,1800
Stavenisse,51.5861,4.01222,1798
Twijzelerheide,53.25,6.05,1796
Stompetoren,52.6167,4.81667,1794
Serooskerke,51.5486,3.59528,1791
Ferwert,53.3378,5.82472,1787
Westwoud,52.6833,5.13333,1785
Maaskantje,51.6586,5.37167,1785
Oentsjerk,53.2533,5.89833,1784
Ilpendam,52.4667,4.95,1780
Zwaanshoek,52.3167,4.61667,1780
Scherpenisse,51.5467,4.105,1771
Lewedorp,51.4953,3.74917,1771
Berkhout,52.6419,4.99694,1770
Lonneker,52.2506,6.91194,1770
Grathem,51.1911,5.85861,1770
Deest,51.8833,5.66667,1765
Reeuwijk-Dorp,52.055,4.69083,1765
Wagenborgen,53.2561,6.93222,1765
Nieuwerbrug,52.0769,4.81556,1763
Driebruggen,52.0433,4.79861,1756
Minnertsga,53.2508,5.595,1750
Sexbierum,53.2167,5.48333,1744
Witmarsum,53.1019,5.46722,1735
Langerak,51.9333,4.875,1730
Eelderwolde,53.1833,6.55,1711
Zwammerdam,52.1058,4.72722,1709
Poortvliet,51.5444,4.14417,1706
Nij Beets,53.0697,6.00278,1705
Midwoud,52.7167,5.06667,1703
Drogeham,53.2,6.11667,1700
Saasveld,52.3311,6.80639,1687
Boornbergum,53.0839,6.04556,1681
Scharnegoutum,53.0603,5.67833,1660
Opeinde,53.1331,6.05639,1656
Hoornaar,51.8767,4.94694,1655
Waarder,52.0614,4.8225,1647
Afferden,51.88,5.63472,1640
Biervliet,51.3281,3.68556,1631
Venhorst,51.6083,5.73889,1631
Ophemert,51.8453,5.38417,1630
Bruchem,51.7853,5.23667,1625
Tytsjerk,53.2133,5.91139,1614
Holwerd,53.3667,5.9,1607
Biezelinge,51.4833,3.96667,1605
Dirkshorn,52.75,4.78333,1600
Piershil,51.8,4.31667,1600
Driemond,52.3,5.01667,1600
Renesse,51.7322,3.77306,1583
Oudeschoot,52.9347,5.95472,1580
Oldeberkoop,52.9381,6.13389,1577
Vuren,51.8244,5.04667,1575
Eastermar,53.1747,6.05861,1575
Oranjewoud,52.9458,5.95111,1570
Colijnsplaat,51.5986,3.84806,1563
Warga,53.2519,5.81361,1560
Velddriel,51.7667,5.3,1547
Oldeboorn,53.0483,5.89444,1545
Vreeland,52.2297,5.03111,1530
Werkhoven,52.0239,5.24306,1528
Nijkerkerveen,52.195,5.46667,1528
Bredevoort,51.95,6.61667,1525
Nederhemert,51.7628,5.16167,1518
Tijnje,53.0297,5.99111,1510
Zoutelande,51.5014,3.48472,1509
Graft,52.5667,4.83333,1500
Dom,51.5625,3.49639,1490
Spierdijk,52.65,4.95,1480
Schelluinen,51.8425,4.92583,1480
Meliskerke,51.5153,3.51194,1478
Biezenmortel,51.625,5.17778,1465
Bakkeveen,53.0833,6.25,1465
Heerewaarden,51.8167,5.38333,1463
Marrum,53.3222,5.80139,1462
Hoogersmilde,52.9,6.4,1460
Borssele,51.4231,3.73528,1459
De Knipe,52.9686,5.97111,1455
Nieuwehorne,52.9503,6.05556,1450
Heiligerlee,53.155,7.0125,1440
Eext,53.0169,6.73389,1438
Bangert,52.736,5.17808,1430
Brouwershaven,51.7264,3.91417,1426
Hollandsche Rading,52.175,5.17917,1424
Usquert,53.4028,6.61278,1415
Tzummarum,53.2375,5.54611,1414
Stad aan 't Haringvliet,51.7333,4.25,1399
Niekerk,53.2167,6.35,1395
Nieuwpoort,51.9333,4.86667,1394
Sumar,53.1933,6.015,1382
Woudsend,52.9428,5.6275,1380
Ternaard,53.3806,5.96389,1380
Nieuwerbrug,52.0817,4.79972,1370
Langezwaag,52.9831,6.00444,1365
Sint Jacobiparochie,53.2667,5.6,1365
Rottevalle,53.1453,6.10361,1363
Jirnsum,53.0781,5.79139,1360
Zwartebroek,52.1781,5.50583,1355
Benningbroek,52.7031,5.00972,1350
Abbenbroek,51.8486,4.24278,1349
Scharendijke,51.7347,3.84472,1347
Maasbommel,51.8208,5.53639,1343
Oudemirdum,52.8497,5.535,1330
Lippenhuizen,53.0169,6.09361,1330
Grijpskerke,51.5339,3.56167,1323
Roordahuizum,53.1175,5.78417,1320
Kronenberg,51.25,5.6,1312
Overmeer,52.2542,5.08389,1310
Surhuizum,53.2,6.18333,1302
Sintjohannesga,52.9317,5.85611,1280
Nijensleek,52.8397,6.17167,1254
's-Graveland,52.2442,5.12111,1250
Augustinusga,53.2167,6.16667,1233
Slootdorp,52.8422,4.97,1225
Wellerlooi,51.5333,6.13333,1219
Brandwijk,51.8833,4.81667,1213
Nieuwer-Ter-Aa,52.1911,4.98194,1210
Spijk,53.3897,6.83639,1205
Lieren,52.1622,5.98889,1203
Burgh,51.6886,3.72917,1200
Puiflijk,51.8833,5.58333,1200
Drachtstercompagnie,53.1333,6.13333,1185
Wageningen-Hoog,51.9889,5.69306,1180
Wieringerwaard,52.84,4.86778,1176
Burdaard,53.2936,5.87861,1173
Mantgum,53.1297,5.71972,1172
Nieuwdorp,51.4697,3.73861,1168
Hollum,53.4167,5.63333,1165
Tzum,53.1578,5.56444,1164
Wadenoijen,51.8736,5.37222,1150
Boelenslaan,53.1619,6.14472,1141
Zwaagdijk-Oost,52.7047,5.1325,1139
Heikant,51.2508,4.02472,1138
Anjum,53.3747,6.12722,1136
Lutjegast,53.2333,6.25778,1125
Vrouwenpolder,51.5761,3.61528,1121
Ovezande,51.4289,3.82194,1117
Jisp,52.5067,4.84889,1110
Langweer,52.9667,5.71667,1105
Baambrugge,52.2461,4.98861,1100
Broeksterwâld,53.2733,5.99639,1100
Ulicoten,51.4569,4.85694,1090
Molenaarsgraaf,51.8833,4.83333,1086
Twijzel,53.2333,6.1,1081
Wissenkerke,51.5844,3.74667,1078
Arum,53.1297,5.47528,1075
Bakhuizen,52.8683,5.45833,1075
Glimmen,53.1383,6.62861,1065
Oppenhuizen,53.0128,5.69528,1065
Stein,52.0,4.78333,1060
Ter Apelkanaal,52.9178,7.04083,1060
Wirdum,53.1497,5.80389,1060
Buurmalsen,51.8928,5.2925,1058
Nieuw-Namen,51.2931,4.16222,1057
Opijnen,51.8278,5.29833,1057
Kerkwerve,51.6853,3.89889,1056
Marsum,53.2119,5.728,1052
Eerde,51.6034,5.49756,1050
Steggerda,52.8567,6.07417,1049
Cruquius,52.3333,4.63333,1041
Makkinga,52.9833,6.21667,1040
Oranjestad,17.4833,-62.9833,1038
Echtenerbrug,52.8711,5.82111,1035
Zijtaart,51.5925,5.54167,1029
Terwispel,53.0189,6.0475,1020
Oost-Vlieland,53.2833,5.06667,1020
Oldeholtpade,52.8928,6.04944,1019
Midsland,53.3825,5.28583,1018
Frieschepalen,53.1081,6.205,1015
Noord Deurningen,52.3969,7.02528,1010
Wijster,52.8161,6.51667,1000
Nieuwland,51.9028,5.01333,1000
Nijland,53.0508,5.55556,1000
Gieterveen,53.0272,6.83778,995
Dreischor,51.6886,3.9825,994
Mariaheide,51.6339,5.58028,994
Vierpolders,51.8833,4.18333,993
Deinum,53.2,5.73333,990
Westbroek,52.15,5.13333,990
IJzendoorn,51.9064,5.53306,990
Amstelhoek,52.2311,4.835,988
Poederoijen,51.7856,5.08028,986
Ottoland,51.9,4.86667,985
Tuil,51.8228,5.23972,980
Noorden,52.1667,4.83333,975
Kantens,53.3656,6.63389,965
Rinsumageast,53.2967,5.9475,965
Hellouw,51.8275,5.17694,960
Holwierde,53.35,6.86667,960
Oostwold,53.2025,7.04444,960
Lemele,52.4522,6.41472,956
Graauw,51.3278,4.10222,956
Kwadendamme,51.4333,3.8775,952
Stavoren,52.8833,5.36667,950
Sint Laurens,51.5333,3.6,950
Oosternijkerk,53.3786,6.05361,944
Bentveld,52.3658,4.57167,940
Velsen-Zuid,52.46,4.65028,930
Neck,52.5083,4.9125,925
Jistrum,53.2114,6.06556,920
Wâlterswâld,53.3,6.03333,920
Varik,51.8233,5.36917,920
Biggekerke,51.4983,3.52528,919
Wartena,53.15,5.89722,915
Oosterzee,52.8744,5.77306,915
Lijnden,52.35,4.75,914
Bitgummole,53.235,5.70528,911
Britsum,53.25,5.78333,910
Metslawier,53.36,6.06778,908
Houtigehage,53.1539,6.14472,905
Sint Maarten,52.7667,4.75,900
Zuiddorpe,51.2342,3.90167,895
Giessen-Oudekerk,51.8436,4.86583,890
Lattrop,52.4278,6.97528,890
Woldendorp,53.2731,7.02944,885
Boijl,52.9097,6.19944,882
Spijk,51.855,5.00778,876
Hindeloopen,52.95,5.4,875
Beinsdorp,52.2833,4.58333,862
Roodeschool,53.4206,6.76361,860
Blije,53.3517,5.86111,860
De Weere,52.7228,4.99861,850
Gijbeland,51.8833,4.81667,850
Driezum,53.2958,6.04556,850
Goudriaan,51.9,4.9,847
Hurwenen,51.8106,5.31778,842
Waskemeer,53.05,6.28333,838
Appeltern,51.8333,5.58333,835
Oudehorne,52.9625,6.08056,835
Ee,53.33,6.1,834
Oudwoude,53.2833,6.11667,832
Scharsterbrug,52.9431,5.77972,830
Hoornsterzwaag,52.9983,6.1725,830
Lamswaarde,51.3425,4.05583,820
Tjalleberd,52.9978,5.94361,820
Gerkesklooster,53.2333,6.2,812
Siegerswoude,53.1,6.23333,810
De Blesse,52.8439,6.04028,802
Kwadijk,52.5275,4.98111,793
Bitgum,53.2367,5.6875,792
Zuidbuurt,52.1094,4.50528,780
Terhorne,53.0403,5.78083,780
Grolloo,52.9353,6.67111,778
Warder,52.5981,5.0275,770
Hemrik,53.0308,6.13806,770
Zonnemaire,51.7125,3.95083,768
Ryptsjerk,53.2231,5.91444,767
Oudesluis,52.8333,4.81667,760
Noordgouwe,51.6936,3.93861,759
Hensbroek,52.65,4.88333,758
Vriescheloo,53.0681,7.11389,755
Lutjewinkel,52.7689,4.88278,750
Tilligte,52.405,6.95139,742
Westerland,52.9,4.93333,730
Cabauw,51.9644,4.89833,730
Doezum,53.2,6.25,725
Hoedekenskerke,51.4242,3.9125,724
Veelerveen,53.0556,7.12778,720
Warns,52.8819,5.40444,720
Mûnein,53.2528,5.92,718
Sloten,52.8944,5.64528,715
Buren,53.4472,5.79889,715
West-Graftdijk,52.55,4.8,710
Oudelande,51.4083,3.85361,710
Middelie,52.5322,5.01722,709
Hekendorp,52.0153,4.80917,705
Nieuwaal,51.81,5.17833,702
Wijngaarden,51.8444,4.76111,697
IJsbrechtum,53.0414,5.63194,690
Oudebildtzijl,53.3011,5.71833,690
Tull en 't Waal,52.0006,5.13306,685
Mildam,52.9361,6.00167,685
Nieuwe Wetering,52.2,4.61667,676
Rottum,52.9358,5.89028,675
Bierum,53.3833,6.86667,673
Yde,53.1152,6.5929,658
Gasselternijveenschemond,52.9956,6.89722,655
Suwâld,53.1778,5.92639,652
De Wilgen,53.1,6.03333,651
Hommerts,52.9789,5.64806,650
Bantega,52.8417,5.84167,650
Wijckel,52.8886,5.62139,645
Midlum,53.1822,5.4475,645
Kolhorn,52.7928,4.88889,645
Heenweg,51.9833,4.18333,641
Zwagerbosch,53.2333,6.05,638
Alem,51.7869,5.34361,636
Rauwerd,53.0981,5.75917,630
Oostwold,53.2014,6.44139,630
Achlum,53.1492,5.48472,629
Westergeest,53.2911,6.08556,621
Lange Linschoten,52.05,4.88333,620
Baarland,51.4083,3.885,619
Schipborg,53.0744,6.66944,618
Ter Heijde,52.0297,4.1675,610
Hemelum,52.8811,5.45639,610
Katlijk,52.9467,6.01278,610
Acquoy,51.8789,5.13583,608
Nisse,51.4553,3.85167,607
Burum,53.2667,6.23333,606
Oudkerk,53.2636,5.88833,606
Zuidschermer,52.5833,4.78333,600
Onderdendam,53.3333,6.58333,600
Slenaken,50.7667,5.86667,600
Sjlennich,50.7667,5.86667,600
Pingjum,53.116,5.44,595
Haule,53.0369,6.30417,593
Elsloo,52.9428,6.2375,592
Sebaldeburen,53.2167,6.28333,590
Blauwhuis,53.0225,5.53222,585
Wedde,53.0694,7.07917,585
Est,51.8525,5.31361,578
Tinte,51.8833,4.13333,576
Weidum,53.1458,5.74389,576
Termunten,53.3,7.05,575
Driewegen,51.4175,3.80333,574
Wytgaard,53.1408,5.78389,570
Altforst,51.85,5.56667,566
Uitweg,51.9825,5.01444,565
Enspijk,51.8836,5.21306,565
Engwierum,53.3197,6.13667,565
Rotsterhaule,52.9289,5.85194,565
Kimswerd,53.1403,5.43556,565
Haskerhorne,52.9528,5.82917,565
Noordeinde,52.2,4.76667,561
Oosterbierum,53.2339,5.51194,561
Nijemirdum,52.8572,5.56972,555
Kreileroord,52.8422,5.08139,553
Darp,52.775,6.20361,550
Kerkwijk,51.7744,5.21944,550
Beets,52.5892,4.9775,541
Witharen,52.5608,6.39583,540
Lopikerkapel,51.9919,5.04722,535
Oosterstreek,52.8992,6.16917,535
Haarzuilens,52.1214,4.99639,534
Hengstdijk,51.3433,3.99528,534
Vrouwenparochie,53.2797,5.70028,530
Terhole,51.3167,4.0375,523
's-Heer Abtskerke,51.4703,3.885,520
Huisduinen,52.9522,4.72611,513
Gapinge,51.5439,3.62444,512
Zwaagdijk-West,52.6758,5.05917,510
Loenersloot,52.2297,5.00139,510
Kornhorn,53.1833,6.25,500
Oostknollendam,52.5172,4.79028,492
Scharwoude,52.6167,5.01667,490
Parrega,53.0175,5.47778,490
Wijnaldum,53.195,5.45972,490
Munnekezijl,53.3,6.26667,488
Nijeholtpade,52.9125,6.07833,485
Nes aan de Amstel,52.2592,4.87083,480
Lakerveld,51.9617,5.01889,480
Idskenhuizen,52.9286,5.71333,480
Kollumerpomp,53.3,6.2,478
Zandeweer,53.3833,6.68333,475
Burgerbrug,52.75,4.7,475
Eexterveen,53.0539,6.80056,471
Exmorra,53.0553,5.46361,470
Harich,52.9028,5.56611,470
Hertme,52.3167,6.75,466
Hoorn,53.3964,5.34194,465
Welsrijp,53.1664,5.60667,463
The Bottom,17.6261,-63.2492,462
Blesdijke,52.8303,6.01361,461
Nijega,53.1403,6.02444,461
Varsen,52.5228,6.3825,460
Kapel-Avezaath,51.8803,5.37917,460
Tjerkwerd,53.0419,5.50111,455
Oudendijk,52.6,4.96667,450
Scherpenzeel,52.8322,5.87528,449
Lemselo,52.3364,6.89556,440
Tienhoven,52.1692,5.08083,440
Oosterlittens,53.135,5.64944,439
Kats,51.5667,3.88333,435
Ried,53.2225,5.59056,435
Munnekeburen,52.8486,5.88583,431
Anna Jacobapolder,51.6383,4.12889,430
Mastwijk,52.05,4.96667,430
Bourtange,53.0066,7.192,430
Luinjeberd,52.9903,5.92111,430
Drouwen,52.95,6.8,430
Witteveen,52.8142,6.66,429
Gasteren,53.0361,6.66333,427
Papekop,52.0464,4.85139,425
Annerveenschekanaal,53.0778,6.80139,424
Buitenkaag,52.2167,4.56667,422
Arriën,52.5269,6.44972,422
Wadway,52.6917,4.97972,420
Oude Niedorp,52.7178,4.87194,420
Watergang,52.4333,4.95,420
Oosthem,53.0161,5.60028,420
Klinkenberg,51.9672,5.49028,420
Windwardside,17.6289,-63.2315,418
Ellewoutsdijk,51.3903,3.81583,410
Sondel,52.8714,5.59917,410
Eernewoude,53.1369,5.94889,409
De Meije,52.1208,4.79306,408
De Hoeve,52.8833,6.08333,408
Boksum,53.1833,5.73333,405
Lekkum,53.2333,5.81667,405
Hantum,53.3625,5.96417,404
Beerzerveld,52.4939,6.57667,403
Zeegse,53.0667,6.65,400
Middelkoop,51.9167,5.05,400
Feanwâldsterwâl,53.2281,5.97722,400
Bontebok,52.9631,6.02556,400
Ravenswoud,52.9644,6.38028,400
Noordlaren,53.1208,6.66694,400
Bozum,53.089,5.696,397
Meedhuizen,53.2833,6.91667,395
Haskerdijken,52.9933,5.87972,395
Fochteloo,52.9925,6.33472,391
Geeuwenbrug,52.8728,6.37028,390
Vegelinsoord,52.9992,5.86389,390
Bergakker,51.8833,5.38333,390
Weipoort,52.1111,4.52167,390
Anloo,53.0433,6.69944,390
Molkwerum,52.9003,5.39806,390
Weijland,52.0864,4.79806,389
Engelum,53.2256,5.71528,386
Gauw,53.0578,5.71306,385
Hijum,53.2908,5.76556,385
Oostwoud,52.7333,5.08333,381
Delfstrahuizen,52.8736,5.82361,380
Tjerkgaast,52.9039,5.67861,380
Pieterburen,53.4,6.45278,379
Weteringbrug,52.2167,4.65,379
Koarnjum,53.25,5.78333,370
Kapellebrug,51.2542,4.06472,369
Zandstraat,51.2658,3.81028,367
Niawier,53.3633,6.04889,366
Sijbrandaburen,53.0683,5.72111,365
Sirjansland,51.6739,4.03222,363
Westbeemster,52.5744,4.89861,360
Noordbeemster,52.5825,4.93667,360
Sluipwijk,52.0386,4.74194,360
Lollum,53.1256,5.53194,360
Nieuw-Haamstede,51.7167,3.7,357
Terzool,53.0747,5.73722,355
Ouwsterhaule,52.9378,5.81333,355
Uitwellingerga,53.0033,5.70583,355
Zijdewind,52.7439,4.83889,350
Het Beijersche,51.9833,4.73333,350
Huls,50.8447,5.96944,350
De Huls,50.8447,5.96944,350
Elp,52.8836,6.64778,350
Ballum,53.4442,5.68889,350
Stroet,52.75,4.75,350
Lioessens,53.3806,6.08861,348
Delwijnen,51.7689,5.18722,346
Elahuizen,52.9228,5.53778,345
Noordwelle,51.7183,3.79306,344
Jorwert,53.1456,5.7125,342
Lhee,52.8283,6.39361,340
Stoutenburg,52.1539,5.4325,340
Wierum,53.4008,6.01528,339
Ossenisse,51.3883,3.97778,339
Ellemeet,51.7297,3.81639,338
Imstenrade,50.8514,5.98472,336
Imsterao,50.8514,5.98472,336
It Heidenskip,52.9503,5.5,335
Easterwierrum,53.1103,5.7325,332
Stroobos,53.2333,6.21667,332
Markenbinnen,52.5333,4.78333,330
Dongjum,53.2089,5.54278,326
Folsgare,53.0372,5.60528,325
Sint Maartensbrug,52.7833,4.73333,322
Holkerveen,52.2,5.45,320
Ommerenveld,51.9347,5.48417,320
Heeswijk,52.0517,4.96778,320
Sijbekarspal,52.7,5.0,320
Stegerveld,52.5719,6.49861,320
Triemen,53.2611,6.07917,318
Geersdijk,51.5667,3.76667,317
Burgwerd,53.0878,5.54583,315
Nieuwediep,53.0469,6.84944,314
Nooitgedacht,52.9739,6.66361,312
De Tike,53.1519,6.03694,311
Rietveld,52.0897,4.85111,310
Vrouwenakker,52.2281,4.78389,310
Ter Idzard,52.9036,6.03417,310
Zandhuizen,52.9103,6.15222,309
Woerdense Verlaat,52.1544,4.86278,303
Bobeldijk,52.6536,5.00444,300
Gellicum,51.8761,5.15472,300
Zwiggelte,52.8731,6.5875,300
Zuiderwoude,52.4333,5.03333,300
Gersloot,53.0064,5.96417,300
Vinkenbuurt,52.5789,6.3525,300
Wirdum,53.3167,6.78333,300
Molsberg,50.8411,5.98639,300
Nij Altoenae,53.2956,5.65306,300
Sint Maartensvlotbrug,52.7833,4.7,298
Hijlaard,53.1653,5.71056,297
Mariaparochie,52.38,6.70667,296
Serooskerke,51.7011,3.81472,296
Jaarsveld,51.9667,4.98333,295
Gaastmeer,52.965,5.54389,295
Langedijke,52.9647,6.28861,293
Noordzijde,52.0828,4.77528,293
Broek,51.9333,4.96667,290
Oost-Graftdijk,52.55,4.81667,290
Wons,53.0839,5.42333,290
Schettens,53.0825,5.48306,285
Zion's Hill,17.6431,-63.2269,283
Spannum,53.1425,5.60639,282
Wieuwerd,53.1089,5.69,277
Luxwoude,52.9967,5.98056,275
Terband,52.9956,5.88639,270
Rohel,52.9175,5.83167,270
Nijeberkoop,52.9592,6.19056,268
Ekehaar,52.9525,6.6025,266
Jutrijp,52.9956,5.65,265
Heukelom,51.5794,5.16194,264
Achthoven,51.9667,4.98917,260
Dieverbrug,52.8469,6.34083,260
Peins,53.2056,5.59417,260
"Schoonloo, Netherlands",52.9044,6.70028,259
Kortehemmen,53.0769,6.0725,258
Hoenzadriel,51.75,5.33333,256
Anderen,53.0003,6.68556,255
Alde Leie,53.3,5.73333,255
Herbaijum,53.1853,5.495,253
Barnflair,52.8514,7.08167,250
Goingarijp,53.0106,5.77222,250
Overslag,51.2008,3.88972,249
De Veenhoop,53.0969,5.94972,245
Abbega,53.0183,5.57083,245
Bovenkerk,51.9667,4.78333,245
Termunterzijl,53.3,7.03333,245
Spui,51.2978,3.87861,243
Kûbaard,53.1194,5.57056,242
Paesens,53.4019,6.0825,242
Dishoek,51.4714,3.52361,240
Oukoop,52.2,4.98333,240
Goënga,53.0544,5.6925,240
Zunderdorp,52.4072,4.96611,237
Itens,53.1019,5.64139,236
Brantgum,53.3519,5.93111,236
Zuidzijde,52.08,4.77528,236
De Falom,53.2675,6.00556,235
Ferwoude,53.0053,5.43333,235
Echten,52.8733,5.79889,235
Godlinze,53.3722,6.81417,235
Oldelamer,52.8719,5.93056,234
Beerze,52.5136,6.52861,233
Oude Meer,52.2833,4.78333,230
Orvelte,52.8436,6.65972,230
Sonnega,52.8669,5.96056,230
Wyns,53.25,5.83333,228
Eexterveenschekanaal,53.0633,6.82361,227
Kalverdijk,52.7333,4.76667,227
Hitzum,53.1653,5.51833,225
Snakkerburen,53.2167,5.8,225
Oud-Zuilen,52.1272,5.06944,224
Raard,53.3261,5.94583,223
Langelille,52.8425,5.84167,223
Moddergat,53.4019,6.0825,221
Boven-Haastrecht,52.0167,4.8,220
Oud-Aa,52.18,4.97194,220
Gaast,53.0164,5.40833,220
Gouwe,52.7289,4.96111,220
Terkaple,53.0183,5.78583,220
Idsegahuizum,53.05,5.41667,220
Nieuwebrug,52.9911,5.88361,215
Formerum,53.3894,5.30624,211
Ganzert,51.9667,5.46667,210
Ter Wisch,52.9139,7.09861,210
Noordsebuurt,52.1667,4.85,210
Wier,53.2519,5.62417,210
Panheel,51.1833,5.86667,210
Panhael,51.1833,5.86667,210
Spanga,52.8186,5.88472,210
Oldetrijne,52.8619,5.94611,209
Offingawier,53.0319,5.69694,205
Bunne,53.1175,6.53306,203
Warfstermolen,53.3,6.23333,203
Eenigenburg,52.75,4.73333,200
Dalmsholte,52.4756,6.365,200
Vilsteren,52.5114,6.35306,200
Lambertschaag,52.7458,5.01667,200
Platteweg,52.0267,4.73028,200
Hantumhuizen,53.3719,5.99722,200
Heesselt,51.8131,5.34667,200
Westenschouwen,51.6833,3.71667,199
Vinkega,52.8742,6.11639,197
Jelsum,53.2344,5.78444,195
Wânswert,53.3014,5.85,193
Mensingeweer,53.3514,6.46528,192
Oterleek,52.6333,4.83333,192
Groenveld,52.7667,4.78333,190
Broek,52.9831,5.77722,190
Houwerzijl,53.3359,6.34144,190
Zurich,53.1119,5.39389,190
Erp,51.6,5.60722,189
Baard,53.15,5.66667,189
Spijkerboor,52.5383,4.83333,188
Oostrum,53.3306,6.06111,188
Rotstergaast,52.9,5.89111,185
Readtsjerk,53.2558,5.93306,185
Nieuweschoot,52.9333,5.925,185
Nijeholtwolde,52.895,5.98556,183
Benneveld,52.7667,6.75,180
Wely,51.9075,5.69167,180
Driehuizen,52.5833,4.8,180
Randenburg,52.0597,4.66944,180
Munnekemoer,52.8439,7.0825,180
Startenhuizen,53.3667,6.7,175
Spijkerboor,53.0764,6.76361,170
Poppingawier,53.0844,5.74722,170
Rijs,52.8667,5.5,170
Roodhuis,53.0764,5.63667,170
Tirns,53.0589,5.62639,170
Stegeren,52.5297,6.505,170
Feinsum,53.2778,5.75833,165
Schraard,53.0806,5.45056,165
Hobrede,52.545,4.98083,160
Havelterberg,52.775,6.18528,160
Uitdam,52.4197,5.07,160
Burgervlotbrug,52.7531,4.68167,160
Valkkoog,52.7833,4.76667,160
Harpel,52.9997,7.08833,160
Diemerbroek,52.0525,4.86222,160
Oosteinde,53.4136,6.79361,160
Wolsum,53.0364,5.54528,160
Walsoorden,51.3825,4.02833,157
Follega,52.8894,5.73639,155
Eexterzandvoort,53.0333,6.78333,154
Nijelamer,52.8856,5.955,153
Zennewijnen,51.8589,5.40972,150
Westeinde,52.825,6.34917,150
Holthe,52.8408,6.54194,150
Reuzenhoek,51.3333,3.91667,150
Eeserveen,52.8672,6.76389,150
Absdale,51.2672,4.00278,150
Losdorp,53.3833,6.83333,150
Oldeholtwolde,52.8856,5.955,149
Balloo,52.9956,6.63167,148
Lies,53.3936,5.325,145
Jellum,53.1622,5.74389,142
Zandwerven,52.6833,4.95,140
Krabbendam,52.7333,4.7,140
Eemster,52.8539,6.38694,140
Terdiek,52.7269,4.89694,140
Jipsinghuizen,52.9769,7.14972,140
Lauwersoog,53.4038,6.21883,140
Molenhoek,51.8653,5.61556,140
Oud Annerveen,53.0886,6.76056,140
Pietersbierum,53.2156,5.47528,140
Oosterend,53.4047,5.38056,136
Schalsum,53.1972,5.57111,134
Beers,53.1564,5.73389,133
Reitsum,53.3208,5.88972,133
Oud-Bodegraven,52.0733,4.73333,133
Deersum,53.0867,5.71556,130
Borgsweer,53.3,7.01667,130
Hidaard,53.0792,5.60333,130
Mirns,52.8619,5.46056,130
Spier,52.8183,6.4675,129
Aalsum,53.3383,6.00444,125
Hartwerd,53.0678,5.56833,125
Oudeschip,53.4333,6.81667,125
Kuitaart,51.3397,4.03417,124
Nieuw Annerveen,53.0656,6.77611,123
Honthem,50.8139,5.80444,121
Zaamslagveer,51.3167,3.93333,120
Balinge,52.8111,6.62778,120
Wittelte,52.8286,6.30694,120
Drijber,52.7917,6.53722,120
Ruigahuizen,52.8844,5.565,120
De Rietschoof,51.7744,5.13694,120
Vlagtwedder-Veldhuis,53.0125,7.13167,120
Breeveld,52.0972,4.91111,120
Hogebrug,52.0256,4.80278,120
Nieuw-Beerta,53.1833,7.16667,120
Bornwird,53.3336,5.95306,119
Baijum,53.165,5.63194,118
Zweins,53.19,5.60611,116
Koufurderrige,52.9519,5.57556,115
Schingen,53.2017,5.6175,115
Huins,53.16,5.6675,114
Nijetrijne,52.8425,5.90917,113
Britswerd,53.1125,5.67556,112
Beneden-Haastrecht,52.0,4.75,110
Hofgeest,52.45,4.65,110
Lheebroek,52.8469,6.42528,110
Haringhuizen,52.7733,4.82889,110
Rien,53.0956,5.65722,110
Westeinde,52.1147,4.48583,110
Akmarijp,53.0058,5.7875,110
Zandberg,51.3,4.1,110
Oud-Reeuwijk,52.0575,4.71472,110
Baaiduinen,53.3778,5.27611,106
Boornzwaag,52.9586,5.74444,105
Indijk,52.9469,5.60194,105
Schardam,52.5969,5.01694,104
Bonnerveen,53.0114,6.83194,100
Brunsting,52.8711,6.49111,100
Laaghalen,52.9217,6.53111,100
Tempel,52.0664,4.70778,100
Achterste Erm,52.75,6.81667,100
Huizinge,53.35,6.66667,100
Doniaga,52.9061,5.74722,100
Oosternieland,53.4,6.755,100
Oudeschans,53.1375,7.14028,100
Veenklooster,53.2667,6.1,97
Landerum,53.3833,5.3,96
Dedgum,53.0222,5.49167,95
Loënga,53.05,5.68333,95
Junne,52.5219,6.49111,94
Amen,52.9417,6.60889,91
Rozendaal,52.0167,4.83333,90
Winde,53.1267,6.5275,90
Bronnegerveen,52.95,6.83333,90
Noordeinde,52.5667,4.83333,90
Taarlo,53.0328,6.62583,90
Beutenaken,50.7819,5.85417,90
Böätenake,50.7819,5.85417,90
Eyserheide,50.8392,5.93194,90
Ezerhei,50.8392,5.93194,90
Archem,52.4731,6.43389,90
Gelderswoude,52.0933,4.53139,90
Hebrecht,53.0333,7.16667,90
Hegebeintum,53.3367,5.84944,90
Hieslum,53.0083,5.48889,90
Blessum,53.1811,5.71028,89
Schuddebeurs,51.6667,3.95,87
Genum,53.3222,5.87389,87
Rottum,53.3819,6.62028,85
Peperga,52.85,6.05639,85
Slappeterp,53.2128,5.62056,85
Ouwster-Nijega,52.93,5.805,85
Krewerd,53.3539,6.84889,85
Oldeouwer,52.9206,5.79917,85
Cornwerd,53.0831,5.39056,85
Greonterp,53.015,5.51917,85
Deurze,52.9836,6.60917,82
Zuidveld,52.8658,6.63528,80
Driewegen,51.3431,3.6575,80
Friens,53.0989,5.79861,80
Cattenbroek,52.0639,4.93889,80
Bosschenhuizen,50.8361,5.96056,80
Busjehoêze,50.8361,5.96056,80
Paal,51.3544,4.1075,80
Allingawier,53.0475,5.44583,80
Hichtum,53.0817,5.52528,80
Idaard,53.1186,5.81361,80
Meierijstad,51.5833,5.48333,79.633
Nijlande,52.9739,6.62611,79
Lichtaard,53.3256,5.91278,76
Olterterp,53.0664,6.10361,75
Foudgum,53.345,5.94222,72
Garminge,52.8203,6.62333,70
Westhem,53.0161,5.54917,70
Augsbuurt,53.2667,6.16389,70
Kleverskerke,51.5167,3.66667,70
Pallert,52.9983,7.20194,70
Bartlehiem,53.2833,5.83333,70
Lutkewierum,53.0881,5.66361,68
Hantumeruitburen,53.3667,6.0,67
Katwijk,52.2,4.41667,65.929
Jislum,53.3128,5.8775,65
Hiaure,53.3472,5.9725,65
Snikzwaag,52.9831,5.78861,65
Dijken,52.9544,5.71056,65
Oostmahorn,53.3808,6.16028,65
Stitswerd,53.3611,6.59917,65
Jannum,53.3122,5.90528,63
Eursinge,52.8381,6.60333,60
Geer,51.9,5.05,60
Oukoop,52.0339,4.77306,60
Firdgum,53.2489,5.55972,60
Noordse Dorp,52.1692,4.83889,60
Goëngahuizen,53.0778,5.9,58
Wetsens,53.3472,6.03333,55
Uitwierde,53.35,6.9,55
Kolderwolde,52.8972,5.51,55
Nijehaske,52.9611,5.89333,55
Nijhuizum,52.9833,5.48333,55
Tweede Valthermond,52.8931,7.02694,50
Gasselterboerveen,53.0003,6.84139,50
Longerhouw,53.0692,5.47806,50
Ypecolsga,52.9308,5.6025,50
Westernijkerk,53.3269,5.79722,50
Piaam,53.0333,5.4,50
Swichum,53.1036,5.81944,50
Boer,53.2153,5.56444,48
Papenvoort,52.9503,6.705,48
Oldenzijl,53.4,6.71667,45
Eesterga,52.8647,5.72611,45
Hennaard,53.1158,5.62944,44
Jouswier,53.35,6.07389,44
Smalle Ee,53.1039,6.02222,43
Gasselterboerveenschemond,53.0069,6.85278,40
Wollinghuizen,52.9939,7.14917,40
Laude,52.9278,7.12833,40
Legemeer,52.94,5.72861,40
Sibrandahûs,53.3108,5.93694,40
Klooster-Lidlum,53.2292,5.52417,38
Slijkenburg,52.8069,5.84333,36
Warstiens,53.1667,5.86667,35
Waaxens,53.3564,5.91944,35
Aegum,53.1308,5.82778,35
Kinnum,53.3667,5.26667,33
Edens,53.1222,5.61389,32
Ellertshaar,52.9,6.73333,30
Bulkemsbroek,50.8294,5.96489,30
D'r Bulkemsbróch,50.8294,5.96489,30
Teroele,52.9358,5.69417,30
Miedum,53.2372,5.83667,30
Arriërveld,52.5631,6.43167,30
Idzega,52.9786,5.55556,30
Rijssen,52.3086,6.51806,28.805
Leons,53.1511,5.67806,26
Sandfirden,52.9878,5.52083,25
Tjalhuizum,53.0456,5.61194,25
Kornwerderzand,53.0731,5.33333,22
Joossesweg,51.5156,3.45611,20
Smallebrugge,52.9581,5.63694,20
Teerns,53.1833,5.83333,17
Vriezenveen,52.4167,6.63333,13.8
Prinsenbeek,51.6,4.71667,11.419
Bergambacht,51.9333,4.78333,10.016
Yerseke,51.5,4.05,6.83
Breezanddijk,53.02,5.20694,4
Vessem,51.42,5.28833,2.175
Deil,51.8842,5.24417,2.097
Wintelre,51.45,5.33333,1.936
Duizel,51.3667,5.3,1.914
Steensel,51.3833,5.35,1.376
Knegsel,51.4,5.35,1.341
Hooghalen,52.9167,6.53333,1.144
Well,51.75,5.2,1.022
's-Heerenberg,51.8764,6.24583,8000
Kleaster Anjum,53.231,5.614,50
Paesens-Moddergat,53.4019,6.0825,450
Oosterzee-Buren,52.8683,5.74806,350
Marijenkampen,52.8167,6.05,250
Oldehove,53.3,6.4,1.648
Almenum,53.1833,5.43333,0
